id,title,description,year,company_id
1,Health and safety inspector,Happy theory sense country such while. Measure born then crime finally push.,2012,1
2,Town planner,Minute hand whether nation support store. Ask mention system long.,2012,2
3,Chartered public finance accountant,Hard stop fill fall. The this meeting decide. Security in begin here that sing technology.,2010,2
4,"Engineer, broadcasting (operations)",Must time particularly thought maybe.,2014,4
5,Civil Service fast streamer,Recently conference main peace kind cold half.,2022,3
6,"Scientist, research (physical sciences)",Ever season seat. Trade country cause speech tree fast hotel close. Reduce view arm cell.,2016,1
7,Animator,Line clearly family amount protect focus.,2019,4
8,"Accountant, chartered certified",Everything middle part. Less detail course.,2020,1
9,Educational psychologist,Security reach east kitchen agency every. Fear line other gas from camera.,2019,2
10,Chief of Staff,Lawyer attention contain force.,2024,5
11,Architect,Notice religious make theory always else perhaps moment.,2022,2
12,"Research officer, trade union","Task them decide put.
Thousand hard situation lead walk. Story senior seek whether.",2018,2
13,Nutritional therapist,Suggest message beyond gun exist card. Measure accept blood travel figure college base.,2012,2
14,Technical author,Billion people yourself actually officer. General degree director during.,2015,5
15,"Geologist, engineering",Least base source its. Trade woman data any others film. Bill you nothing capital support land for.,2021,3
16,Gaffer,"Operation pressure wrong strategy.
Alone maybe reach share.",2023,3
17,"Programmer, applications",Painting happy perhaps usually chance. Strategy mouth join brother music assume.,2022,3
18,Field seismologist,Leader process common smile. Public my behavior station purpose. Per story early.,2018,5
19,Higher education lecturer,Court bring also product those consider material. Whether what perform interview.,2024,4
20,Applications developer,Under left most public practice work. Condition boy look raise behavior human.,2022,2
21,English as a foreign language teacher,Section bag owner issue age. Responsibility way even TV short approach dark. Major improve six.,2011,5
22,Personal assistant,Far data also capital paper pass citizen maintain. Identify budget rest near rate.,2010,1
23,Astronomer,"Tonight finally market small. Consider begin rest.
True watch consider lead.",2010,4
24,Corporate investment banker,Music very even sing change. Doctor from travel time box rest. Result team treat perhaps west face.,2011,3
25,Licensed conveyancer,Physical to short change newspaper current fill. Perhaps less number.,2019,2
26,Theatre manager,Expect expert social control then grow.,2019,1
27,Tax inspector,Student old person offer five. Fill part sort skin.,2010,3
28,Applications developer,It necessary audience citizen finish special.,2022,4
29,Building services engineer,North call medical. Hour pretty threat thus energy.,2010,1
30,Early years teacher,Culture contain behavior senior. Resource year such hospital size sound.,2019,4
31,Amenity horticulturist,Deep shoulder another bag fire. Send past say even relate give guess. Say night fund buy miss.,2012,4
32,Clinical embryologist,Treatment tax certainly campaign ever while. Staff late rise sort between radio according.,2010,2
33,Forest/woodland manager,Work news building each American information serve six. Wide trial evening right.,2024,1
34,Financial adviser,Fear edge leg student week foot free soldier. Chance probably across such term air.,2018,4
35,Media buyer,Reveal ball around consider race may keep. Hotel also here professor treat.,2013,2
36,Set designer,North population song radio billion. Nice cup young.,2014,2
37,Clothing/textile technologist,Through ability development poor number author organization.,2017,2
38,Tourist information centre manager,Blood nor easy PM interesting operation nature. Determine down step hot meeting material.,2010,3
39,Psychiatric nurse,Young trouble whole. Discover fund role tell arm.,2015,1
40,Medical secretary,"Their body people ok.
Among pull number particular. Produce add mission.",2024,5
41,Software engineer,Side mouth specific. Wonder attack deal he. Office culture part stage seven indicate.,2022,2
42,Air traffic controller,Model foreign it green smile sit.,2013,2
43,Public relations officer,Tell professional interview represent food card. Guy likely behavior include computer big together.,2018,2
44,Naval architect,Do form military apply city approach strong. Almost only American test shoulder.,2018,3
45,Publishing copy,Role design product. Else five heavy order.,2024,4
46,Social worker,Individual reflect others left open. Forget beat go chance. Himself toward concern society.,2020,5
47,"Therapist, speech and language",Beyond again war cultural. Among blood tax themselves themselves take former develop.,2013,5
48,Geochemist,Security already however every type security keep. Attorney end back network person. Or fall case.,2023,5
49,Scientific laboratory technician,Significant prove rather race water woman security.,2021,3
50,Banker,Road now customer. Floor threat already enough.,2024,3
51,Sports development officer,Family interesting across one street. Behind yourself save deal charge same bag money.,2010,5
52,Surgeon,Four ask note career activity. Consumer country watch available.,2023,1
53,Tour manager,"Might still election couple.
Call white parent hand talk. Possible prove surface. Bag energy to it.",2022,1
54,Set designer,First modern hotel establish radio people floor. Score suddenly hear participant stage.,2016,5
55,Sport and exercise psychologist,Use live issue.,2014,1
56,Clinical molecular geneticist,Man care science indicate. Population agreement probably news. Mouth society notice sell.,2016,5
57,Pensions consultant,Probably star never effort compare.,2019,2
58,"Embryologist, clinical",Watch part dinner floor. Of network couple consumer somebody. Artist rate late possible career.,2010,2
59,Interior and spatial designer,Test material rise product dog beat believe.,2012,4
60,Environmental education officer,Something treatment computer focus right toward goal. Just difficult reach think along enough.,2013,5
61,Dietitian,Human until can will network arm analysis ever. Speech cause grow suddenly fact gun enough.,2021,3
62,Television floor manager,War science quite beautiful upon. Through teacher build method.,2021,4
63,Logistics and distribution manager,Year into almost body development take.,2019,3
64,Tour manager,Him leader reason term list democratic condition she. Coach traditional always among.,2016,2
65,Materials engineer,Despite fact serious himself town wife letter. Floor sport property.,2013,2
66,Physiological scientist,Simple light arm onto put. First range TV.,2015,4
67,Futures trader,Main student dream four such act. Win election of late. Manage truth space heavy.,2020,2
68,Recycling officer,Born address chair hand until near admit. Every speak from total writer thing job.,2022,5
69,Animator,Image wait drop during section keep. Scientist really sort pass opportunity during fear.,2022,3
70,"Psychologist, prison and probation services",Spend learn so.,2020,3
71,Clinical psychologist,Whether sometimes teach inside guess risk body. Sort let item recognize garden art.,2012,1
72,"Scientist, water quality",In maybe figure structure.,2013,3
73,"Psychologist, prison and probation services",At feeling hot least majority. Stay must green practice. Wall give must.,2010,1
74,Public affairs consultant,Order agency government whom responsibility.,2015,4
75,Health and safety adviser,Suddenly thought necessary will fine personal less involve. End chair owner.,2010,2
76,Herpetologist,None officer cup poor seven him. Radio fact forget cultural back.,2021,5
77,Technical brewer,Now later television rise. Race street another power president.,2010,1
78,Metallurgist,Decide no station agreement fight strong participant.,2013,4
79,Oncologist,Training company month. College story pull unit parent level.,2014,3
80,Film/video editor,Statement free read. Strategy middle market head teacher day.,2019,1
81,Archivist,Program east might amount set challenge site. Player thing course plant book know.,2017,3
82,Veterinary surgeon,Number shoulder seek lay. Discuss seem wonder Democrat door.,2015,3
83,"Teacher, primary school",Admit teacher way option go low Mr. Large agent serve bit trial budget church.,2013,3
84,Video editor,Exactly seat wife act rather soldier sign good. To they western probably foreign act because main.,2024,4
85,English as a second language teacher,Present indeed follow listen fall once office.,2016,2
86,"Administrator, local government",Down skin wind as event place. Finally be you room.,2015,5
87,Systems analyst,Practice glass assume style fine. Strategy moment on beyond above standard.,2020,5
88,Barista,Station land live eat position about. Not behavior attorney theory development.,2013,2
89,Software engineer,Bank receive environment without check environment can.,2022,2
90,Biomedical engineer,Share tree help. Number quite exist sport week. Statement dream benefit cause friend pressure.,2020,2
91,"Scientist, forensic",Really improve sea. Trade leader project. Kind learn attack energy.,2020,4
92,Chartered public finance accountant,Produce organization forward account wrong.,2024,2
93,Analytical chemist,Boy network movie quite hard. Their focus method. Same between full discussion cover management.,2022,2
94,Hotel manager,Certainly return you goal yourself accept ask. Market life morning activity peace meet work.,2015,5
95,"Engineer, energy",Front early fly program. Cost child avoid happen. Story peace not head south deal.,2018,4
96,Early years teacher,Start owner arrive rule. Author visit sea public.,2016,5
97,"Designer, ceramics/pottery",Body firm in fear finally increase fly democratic. Improve successful ball guess buy job forget.,2022,3
98,Hydrologist,Director mission as.,2012,5
99,Chief Executive Officer,Buy member decision box add. She popular bank after beyond. Gas push rise build total.,2022,3
100,Sales executive,Note huge describe fact issue far measure politics.,2016,1
101,Health promotion specialist,With beyond for travel raise top world. Class role series hold.,2012,2
102,Child psychotherapist,Day they both table so vote rise office. Traditional much military which crime science bill.,2015,3
103,Risk manager,Region crime old learn not. High party establish including.,2021,4
104,"Engineer, mining",Final she wear politics remember. And relate could tell. Never involve race evidence third focus.,2014,3
105,Banker,Color radio recently page itself story story. Behind serve until space popular guess.,2011,1
106,Warehouse manager,Result face reason nation leader big vote. Human raise themselves garden physical.,2014,4
107,Ceramics designer,Store fall trip simple opportunity military. Sing realize water full.,2021,1
108,Interpreter,Coach particular head nothing.,2018,4
109,Drilling engineer,Until area letter. Sport toward also scene. Expert bank billion arm.,2019,5
110,Immigration officer,"Almost after those. Source however near kitchen five former.
Group value identify great.",2023,4
111,Patent attorney,Policy spring ever movie such which Democrat.,2019,4
112,"Merchandiser, retail",Capital show skill book.,2022,3
113,Biomedical scientist,Artist about defense perform reduce. Only real fear soon eat man great.,2015,4
114,Sports coach,Exactly movie outside ability. About partner popular where. Often music prove new manage.,2018,5
115,"Designer, textile",Second care Congress offer result prepare. Development lawyer security position.,2015,5
116,Technical sales engineer,Him state chance campaign. Require ago serious end commercial book suddenly theory.,2022,4
117,Armed forces training and education officer,Difference civil Democrat animal care treatment mention. Talk majority decade.,2010,1
118,Financial controller,"That also oil. Each age wish power blood.
Yourself three behind. Expert oil should relate American.",2020,5
119,"Programme researcher, broadcasting/film/video",Style somebody charge theory.,2010,3
120,"Surveyor, planning and development",Explain forward fish special peace something. Best area light sit professor box.,2014,1
121,Film/video editor,Miss girl walk poor. Customer herself after manage pick well moment sing.,2023,3
122,Fisheries officer,Feel me red degree very develop expert. Score far likely fill star science rest.,2012,3
123,Community development worker,Fact sell indeed.,2021,4
124,"Engineer, aeronautical",Pattern nearly clearly computer. Film even sit somebody never city. Amount article themselves.,2021,5
125,Actuary,Technology lay tax. Generation significant senior bring.,2020,5
126,"Designer, fashion/clothing",Main throw maintain old finally son dinner generation. All window science truth.,2022,4
127,Translator,Detail police group year radio born. Bad fight indeed own.,2022,2
128,Trade union research officer,Number magazine site well. West yet yard goal number catch.,2023,3
129,Video editor,Model law sing discover listen beautiful. Level fact note test fly worker.,2020,5
130,IT technical support officer,Statement admit spring game skill easy age. Lawyer low able positive computer phone central.,2015,3
131,Ship broker,Accept marriage serve. Indicate increase leader somebody.,2010,3
132,Pharmacologist,"Congress record tell picture. Be plan street break.
Their summer relate and.",2016,2
133,Mental health nurse,"Modern on wrong series.
Far amount bar be late security start. Team success capital style by us.",2023,5
134,Chartered certified accountant,Relationship none place book fall between. Month improve your enough more.,2020,1
135,Mental health nurse,Finish eat him talk. Site reach the risk bed help.,2015,4
136,Tree surgeon,Analysis my better environment. Oil provide follow defense mean be.,2017,2
137,"Engineer, building services",Ball oil kitchen alone. Factor bring voice dinner claim safe positive. Some personal too me.,2020,3
138,Hospital pharmacist,Another nation subject capital direction. Challenge wife worker safe. Section culture with.,2023,5
139,"Administrator, arts",Table machine baby set girl. Week wrong area church cold. Vote station your small air which.,2014,1
140,Minerals surveyor,Phone detail close. Rate grow pressure civil kitchen work goal. Help laugh also good tough.,2010,4
141,"Engineer, petroleum",One often argue. Industry evidence direction.,2018,3
142,"Engineer, petroleum",Stuff role increase number southern. Past democratic sell read.,2016,4
143,"Conservation officer, nature",Which program there. Front art third hospital. Support feel past draw listen and.,2021,5
144,Technical brewer,"Fact across course popular. Believe left eye front.
Camera physical bank nature position.",2010,4
145,Translator,Evening seat him use need Mr. Return or choose indicate fund.,2020,3
146,Event organiser,"Staff way since station fear everyone. Church miss project success.
Me every early enter.",2020,5
147,Applications developer,Seek see another difference.,2017,2
148,Information systems manager,Realize worry every floor. Man why drive send fact us.,2012,2
149,Dancer,Anything use everyone. Poor particular home say. Explain in lot any better organization scene.,2019,1
150,"Horticulturist, commercial","Safe energy green. Would page relate decade agent.
Send method deal author.",2022,4
151,Theatre stage manager,Strategy including effort enjoy skill single partner. Just later mission kid common first magazine.,2014,4
152,Quantity surveyor,"Gas office station.
Prevent less by example commercial.",2024,5
153,Biomedical scientist,Eye positive somebody church inside.,2019,5
154,Make,Hotel political raise modern else. Cell south field power activity bad. Control write brother.,2017,3
155,Barista,Know crime surface effect. Start other bring chance public so.,2013,4
156,Computer games developer,Tax source decade smile chair field. Color peace indicate long share among mission.,2016,3
157,Research scientist (life sciences),Police job today. Couple military people news street enter value.,2018,2
158,Museum/gallery curator,Far do ten. Office program here debate player.,2010,2
159,Immunologist,Who several growth worry. Color course race make alone. Walk place quickly face girl.,2010,3
160,Rural practice surveyor,Goal hotel quite authority responsibility doctor himself. Whom total cup use film.,2014,5
161,"Engineer, drilling",Down probably difficult. Huge fund so interest professor field.,2024,2
162,Event organiser,Trade price develop night population. Matter indeed air. Kid federal show doctor civil Mr little.,2013,4
163,Neurosurgeon,Move but set keep. Add million yard language be despite region trial. Economic why politics.,2014,3
164,Video editor,Camera save program customer firm. Least number remember necessary.,2023,4
165,Agricultural engineer,"Participant hard natural parent civil section customer.
Shoulder stage less she.",2020,3
166,Community arts worker,"Full choose play with. Loss director oil manager realize campaign.
Front there Congress perhaps.",2010,1
167,Ecologist,Less likely job clearly himself mother strategy. Despite heart past resource fact worry.,2018,2
168,Toxicologist,The special specific.,2016,1
169,Podiatrist,Already cup various sound financial. Economic explain tend.,2012,5
170,Health physicist,Reach better east east deep certain. Serve memory politics member detail article.,2017,5
171,Careers information officer,Bag statement tax base minute girl source. Character story want baby born customer time throughout.,2018,1
172,"Designer, ceramics/pottery",Else thought between. Will benefit seem difficult century social clearly.,2022,2
173,Investment analyst,Here indeed enter culture exactly price week. Fine claim according student.,2015,2
174,"Therapist, occupational",Probably use cultural edge several happy serious. Attention when Republican start minute third.,2014,4
175,"Doctor, hospital",True environment fly. Popular second better because.,2018,3
176,Medical secretary,Executive tell nearly final. Town simply measure anything. Indeed to red weight.,2016,3
177,"Teacher, secondary school",Source free plant indeed. Season by paper story.,2014,3
178,Medical illustrator,Maybe prevent may specific production. Approach popular per difference performance station.,2017,2
179,Warden/ranger,Finally positive condition learn subject. Price image learn tonight.,2024,2
180,"Engineer, structural",Month minute a talk which field. Fear create his stop.,2020,3
181,Sports coach,Inside theory owner make rate use accept. Test travel dream thus.,2020,1
182,Patent examiner,Base seem wind east life. Religious put like southern.,2021,1
183,"Optician, dispensing",Him no very campaign wife animal where. Guy onto type chair. Key very policy between public.,2010,5
184,"Production assistant, radio",Front seek politics level case cut. Eight blood whatever scene specific street officer.,2014,4
185,Financial manager,"Tell black field voice. Listen write first century hotel deal job.
Our positive various soldier.",2012,3
186,"Engineer, manufacturing",Answer thus reduce tax item. Life glass night pressure teach.,2016,5
187,"Designer, jewellery",Owner keep cultural what. Hot public those describe.,2019,4
188,Banker,Government loss almost north. Good good that strong usually. Quite material between blood member.,2015,2
189,Diplomatic Services operational officer,History cup will after. Herself man out democratic moment large market.,2022,2
190,Chartered management accountant,Music recently realize what.,2016,2
191,IT sales professional,Statement young safe paper enough environment. Common record management much agent.,2023,1
192,Technical brewer,Other apply good stand occur sound standard. Along right sing movie.,2016,4
193,Physiological scientist,Business miss treatment cut. One believe how herself against.,2014,5
194,Politician's assistant,Spring several me whom firm us sea blue. Director team why wear. Lead let magazine save.,2024,5
195,Theatre stage manager,Natural themselves keep on whether son where. Woman network purpose other success.,2013,3
196,Occupational therapist,Tree house sense here interest peace. Miss minute old wait.,2014,2
197,Chief Marketing Officer,"Place camera explain town. Face place just kind since.
Child population arm discover.",2012,5
198,Chemical engineer,Particularly spring let top. Everybody will until still. Leave pull wide every.,2017,4
199,"Development worker, international aid",Republican great success start arrive last play. Break cut meeting onto.,2020,4
200,Environmental education officer,"Career two make turn official.
Need argue point wall.",2013,2
201,"Designer, furniture",Kind station control happen sign. Recently including class serious. Speech campaign begin case at.,2012,4
202,Editorial assistant,"Audience down window choose eat decide Democrat.
Expect single feeling ever.",2020,1
203,Advertising copywriter,Lot song green detail until. Owner nor argue.,2015,2
204,Dance movement psychotherapist,Tv dog himself stock. Course last management idea all again reality.,2015,5
205,Land/geomatics surveyor,"Generation imagine we into actually because.
Sign letter Mrs pay main yourself action.",2023,3
206,"Journalist, magazine",Away pay recognize different without hand. Treat culture executive fish individual become safe.,2013,1
207,Dietitian,Happy building involve nearly attorney. Social goal kid evening manage themselves difference.,2019,3
208,Telecommunications researcher,Maintain turn notice everyone see she. Section office spend suffer identify money.,2024,1
209,"Education officer, community",Mr let car source prepare conference. Increase performance between guess concern option.,2015,4
210,Counselling psychologist,Tonight four develop pattern teacher. Bill stage several class nor two left blood.,2023,3
211,Rural practice surveyor,Shake pay camera charge. Court certainly assume tree pull. Care indicate listen.,2016,1
212,Private music teacher,Within either tonight behavior. Huge staff between as recently election public human.,2016,5
213,Applications developer,Focus role owner save study already father. With eight shoulder ready rather.,2021,1
214,Risk analyst,Whatever do above measure later clearly avoid. Range tree up remember peace purpose.,2015,1
215,Cabin crew,Color security national each sometimes. Land police yeah.,2017,5
216,Senior tax professional/tax inspector,Tough if happy any yeah common address. Administration head several want.,2016,1
217,"Scientist, biomedical",Memory issue oil so power. Out many high there even.,2023,5
218,"Engineer, electrical",Feeling kind kid several. Serve wind subject option near play dinner. Forget official approach.,2011,3
219,Clinical embryologist,Final sort walk of no chair another. Explain fund pay.,2023,2
220,Science writer,Kind than marriage could. Already race theory seek like chance guess week.,2013,5
221,Purchasing manager,Tell movement security. Maintain up soon anyone boy.,2022,2
222,Legal executive,Seven source social all goal seem. Should physical own relate vote.,2023,5
223,"Surveyor, building control","Necessary evidence pay total.
Eight carry these. Little clearly Congress.",2013,5
224,"Surveyor, mining",Chance wife nearly. Hospital social within interest up.,2013,2
225,Lexicographer,"Man sometimes major research.
Process into American rock. Development like significant quite.",2017,5
226,"Administrator, charities/voluntary organisations","Finally point health not.
Floor daughter save despite. Floor couple drive bad.",2024,4
227,Environmental manager,Example share newspaper throw.,2016,5
228,Commissioning editor,Agency perform mind morning director nice. Call fight tend first day cost station education.,2015,2
229,Higher education careers adviser,Federal program speak stuff more town service. Mouth edge plan.,2020,4
230,Pathologist,Movement teacher four option money voice. Return newspaper win provide.,2015,3
231,Research scientist (life sciences),There into resource sense experience direction worker. Least may purpose miss finally off leave.,2020,1
232,"Lighting technician, broadcasting/film/video",Different civil run information local. Today human age PM four.,2022,4
233,Audiological scientist,"Community risk all none.
Must instead send more system newspaper. Father player you debate offer.",2017,5
234,Logistics and distribution manager,Operation church government official before think.,2024,5
235,Personal assistant,Indicate two sort different wind amount. Big could soldier buy development probably investment.,2023,5
236,Health visitor,Again wind although town consider test environment day. Defense east head meeting.,2024,3
237,Midwife,Bad church box here. Local official edge exist everyone describe current.,2011,1
238,"Teacher, English as a foreign language","Because affect film little foot. Up particular trip.
Next meet else.",2018,3
239,Chief Strategy Officer,Offer series per. Find program some firm light arm.,2019,1
240,Veterinary surgeon,Explain my if get trial. Mr window book data especially let.,2020,2
241,Child psychotherapist,Gun contain force organization enough economy. Responsibility capital music would claim gas.,2022,4
242,"Journalist, magazine",Indicate citizen take pull. Look worry level return nothing.,2024,1
243,"Scientist, research (maths)",Outside arm edge enter. Forward mouth TV evening whose color team.,2010,5
244,Field seismologist,Some society record those. Two position involve say nearly main attorney often.,2023,3
245,Lexicographer,Miss trade music feel exist exist memory kitchen.,2020,2
246,Armed forces training and education officer,While back say organization whom somebody within. Whole young sea under more.,2024,1
247,Environmental manager,Executive interest least call story everyone. Test eight region leave. Value bag coach.,2013,5
248,Event organiser,Purpose natural above. Wish large school have hospital such force can.,2019,5
249,"Exhibitions officer, museum/gallery",Worry them ball back minute company become study. Would moment would spend protect bring.,2023,4
250,"Engineer, maintenance",Toward ok bag care.,2022,2
251,"Scientist, physiological",Source production unit. Wonder today management enjoy. Race laugh yourself forward mention season.,2010,5
252,Health and safety inspector,Lead medical around method amount sure machine. Use forget occur rest my.,2022,3
253,"Librarian, academic",First race American east. Finish blue computer. Full wife again let standard reveal would.,2024,5
254,Sports development officer,Dinner my create ahead white. Social everyone he prepare head available. Reflect program cost read.,2013,3
255,Ambulance person,Feel movement could animal another majority prepare. Throughout new pattern more stock score.,2022,1
256,Naval architect,Letter turn simple modern defense just. Movie much mouth trial pressure should.,2013,5
257,Heritage manager,Medical center candidate hard affect. Lose cell direction. For career deal road identify.,2017,4
258,"Engineer, broadcasting (operations)",Notice lose myself gun opportunity.,2018,4
259,Financial adviser,Feeling price perhaps decade. From performance protect book response.,2016,2
260,Politician's assistant,People figure focus include. Top require art development visit now. Huge what good bag fire.,2015,2
261,English as a foreign language teacher,Beyond mention rest behavior. Institution region age four glass her. Spend church who himself.,2013,3
262,Industrial/product designer,Clearly movie speech management customer. Skin right ahead star contain me while.,2014,2
263,Freight forwarder,Lose represent soldier will. Yes stage lawyer left question beautiful wish.,2015,3
264,"Engineer, electrical",Fund director people move. Training buy hour. Minute perhaps must cell choice gun theory chance.,2017,5
265,Horticultural consultant,Explain consider simple ability. Common over set degree law form home you.,2019,3
266,"Solicitor, Scotland",Time age must line. Clear threat just city her.,2018,4
267,"Engineer, electrical",Test support could general structure hit age knowledge.,2011,5
268,"Therapist, nutritional",He board nice long consider agent. Big strong region argue relate heavy. Where sport kid agreement.,2016,4
269,Public librarian,Position year physical. Ok behind science during high.,2023,3
270,Television production assistant,Spring book assume foreign. With card the development page better.,2013,5
271,"Scientist, marine",Fact poor box main effect. Agent its water star practice. Gas cut theory tell line decision fast.,2014,1
272,Biomedical engineer,While sound player standard brother staff research. Book fear artist citizen.,2022,5
273,Curator,Radio drive rock choice. Score hotel big inside.,2013,4
274,Product/process development scientist,Mean woman door approach. Party no police western energy ability him.,2022,5
275,"Physicist, medical",Speech the program he board effect rule. Analysis green talk specific.,2020,1
276,Electrical engineer,Nearly book can so despite forget simply. Benefit late degree those say green system right.,2024,3
277,Outdoor activities/education manager,"Yes agree born religious television authority.
Dog pressure a amount. Staff painting teach.",2019,1
278,Event organiser,Mean court week.,2022,1
279,"Production designer, theatre/television/film",Style century understand southern phone game since her.,2024,1
280,"Biochemist, clinical",Discover open list every live physical. Admit very herself half visit star.,2010,1
281,Analytical chemist,One concern result garden. It foot tree. Certainly research view.,2020,5
282,Industrial buyer,Scene position middle church. Bed against return wall. Design coach involve style wall.,2019,3
283,Radiation protection practitioner,Within look industry. Establish such those mention force big member. Mouth decade choose exactly.,2024,4
284,Research scientist (medical),Give ever PM card ball reason. Dinner if professor region rise rest traditional.,2023,3
285,Local government officer,While hotel break consider form sign. Describe science step commercial.,2015,4
286,Tax inspector,Else window situation. Data pretty employee kid specific first. Himself language hold the.,2023,4
287,"Engineer, site",Else situation interest point treat simply. Work member color among week statement production.,2019,2
288,"Copywriter, advertising",Politics her to anything stock evening.,2014,4
289,Press photographer,Skin employee join customer produce. Mrs president parent baby. Choice stay just woman.,2024,4
290,Operational researcher,Five large important indicate wind.,2013,4
291,Production manager,Painting well say goal spend heart sign. Exactly tend government all keep. Light four easy.,2014,3
292,Commercial/residential surveyor,Clearly indeed few side often report lawyer prevent. About it bring level must up several.,2022,1
293,Comptroller,Read without trouble card vote risk. Artist I especially feel course.,2021,3
294,Television production assistant,Result price require. Support police however either expect line.,2022,2
295,Neurosurgeon,"Much can media best.
Along power development yeah. Tax simply woman worker view.",2022,4
296,Network engineer,Event unit visit soldier term while. Rule entire if team pull.,2018,3
297,Land,Work approach the high. Green yeah discussion add strong same. Certainly job sign market.,2019,1
298,Sports administrator,Soon indeed note dinner. Personal cover thank allow beautiful. South summer grow begin stock.,2018,2
299,"Lecturer, further education",Development card wind choose piece. Card develop happen fish central evidence politics.,2011,2
300,Glass blower/designer,List miss him. Training trouble management rather their step. Miss production impact all.,2022,5
